Time (s),Input u(t),Output y(t)
0,0,0
0.05,0,0
0.1,0,0
0.15,1,0
0.2,1,0.01079
0.25,1,0.030921982
0.3,0,0.058914583
0.35,1,0.082498123
0.4,0,0.112463655
0.45,1,0.136667101
0.5,0,0.166039462
0.55,0,0.188586376
0.6,0,0.204604062
0.65,0,0.214493002
0.7,1,0.2187377
0.75,1,0.228676958
0.8,1,0.243457002
0.85,0,0.26221848
0.9,0,0.273325224
0.95,1,0.277408634
1,1,0.285966888
1.05,1,0.298313302
1.1,0,0.313758926
1.15,1,0.320837337
1.2,0,0.331135512
1.25,1,0.333282003
1.3,0,0.338943476
1.35,1,0.33681293
1.4,1,0.338606595
1.45,0,0.343842798
1.5,0,0.341231703
1.55,0,0.331715934
1.6,0,0.316277192
1.65,1,0.295911123
1.7,1,0.282394732
1.75,1,0.275238516
1.8,1,0.273874135
1.85,0,0.277675321
1.9,1,0.275187644
1.95,1,0.277964864
2,0,0.285352922
2.05,1,0.285884444
2.1,1,0.291113689
2.15,0,0.300399007
2.2,1,0.302295737
2.25,1,0.308389507
2.3,0,0.318077052
2.35,1,0.319957511
2.4,1,0.325664186
2.45,1,0.334643922
2.5,1,0.346337063
2.55,0,0.360189998
2.6,0,0.364876157
2.65,0,0.361333424
2.7,1,0.350567239
2.75,1,0.344411741
2.8,1,0.342475342
2.85,0,0.34432172
2.9,1,0.338694085
2.95,0,0.337346489
3,1,0.329033296
3.05,0,0.325507723
3.1,0,0.315512679
3.15,0,0.299990757
3.2,0,0.279894559
3.25,1,0.256165466
3.3,1,0.240505042
3.35,1,0.232331156
3.4,0,0.230969549
3.45,0,0.224888482
3.5,1,0.214750037
3.55,1,0.212017024
3.6,1,0.215909556
3.65,0,0.22559615
3.7,1,0.229427112
3.75,0,0.238773881
3.8,1,0.242025401
3.85,0,0.250592438
3.9,1,0.252903042
3.95,1,0.260406063
4,0,0.272355925
4.05,0,0.277207547
4.1,0,0.275661372
4.15,0,0.268473614
4.2,1,0.256433998
4.25,1,0.251135305
4.3,1,0.25192694
4.35,1,0.258103382
4.4,0,0.268925287
4.45,1,0.272848911
4.5,1,0.281361662
4.55,0,0.293764889
4.6,1,0.298566872
4.65,1,0.30731599
4.7,0,0.319381215
4.75,1,0.323342919
4.8,1,0.33082402
4.85,0,0.34126862
4.9,1,0.343331169
4.95,1,0.348706156
5,1,0.356905532
5.05,1,0.367436851
5.1,0,0.379814161
5.15,0,0.382777519
5.2,0,0.377329115
5.25,1,0.364535281
5.3,1,0.356286735
5.35,1,0.35224345
5.4,0,0.352015123
5.45,1,0.344385102
5.5,0,0.34114151
5.55,1,0.331066682
5.6,0,0.32593581
5.65,0,0.314507995
5.7,0,0.297736546
5.75,0,0.276579708
5.8,1,0.251979876
5.85,1,0.235635509
5.9,1,0.226957781
5.95,0,0.225262695
6,0,0.219006281
6.05,1,0.208836434
6.1,1,0.206200348
6.15,1,0.210301576
6.2,0,0.220291592
6.25,1,0.224503585
6.3,0,0.234292176
6.35,1,0.238030112
6.4,0,0.247112852
6.45,1,0.249954253
6.5,1,0.257990257
6.55,0,0.270463794
6.6,0,0.275819789
6.65,0,0.274750222
6.7,0,0.268004394
6.75,1,0.256366627
6.8,1,0.251425755
6.85,1,0.252528612
6.9,1,0.258968383
6.95,0,0.270005582
7,1,0.274097357
7.05,1,0.282732897
7.1,0,0.295216094
7.15,1,0.300058382
7.2,1,0.308811775
7.25,0,0.320849231
7.3,1,0.324755331
7.35,1,0.332157315
7.4,0,0.342503614
7.45,1,0.344452921
7.5,1,0.349703805
7.55,1,0.357772063
7.6,1,0.368168811
7.65,0,0.380411325
7.7,0,0.383242532
7.75,0,0.377667111
7.8,1,0.364753495
7.85,1,0.35639411
7.9,1,0.352250255
7.95,0,0.351932591
8,1,0.344225076
8.05,0,0.340916132
8.1,1,0.3307881
8.15,0,0.325615918
8.2,0,0.314158215
8.25,0,0.29736764
8.3,0,0.276201621
8.35,1,0.251601625
8.4,1,0.235265095
8.45,1,0.226602132
8.5,0,0.224927645
8.55,0,0.21869657
8.6,1,0.208555732
8.65,1,0.205951296
8.7,1,0.21008585
8.75,0,0.220109974
8.8,1,0.22435605
8.85,0,0.234177981
8.9,1,0.237947897
8.95,0,0.247060735
9,1,0.249929929
9.05,1,0.257991096
9.1,0,0.270486932
9.15,0,0.275862216
9.2,0,0.274808862
9.25,0,0.268076175
9.3,1,0.256448548
9.35,1,0.251514941
9.4,1,0.25262236
9.45,1,0.259064198
9.5,0,0.27010121
9.55,1,0.2741908
9.6,1,0.282822431
9.65,0,0.295300272
9.7,1,0.300136033
9.75,1,0.308881999
9.8,0,0.320911387
9.85,1,0.32480902
9.9,1,0.332202361
9.95,0,0.342540045
10,1,0.344480942
10.05,1,0.349723775
10.1,1,0.357784473
10.15,1,0.368174253
10.2,0,0.380410473
10.25,0,0.383236115
10.3,0,0.377655895
10.35,1,0.364738258
10.4,1,0.356375629
10.45,1,0.352229287
10.5,0,0.351909859
10.55,1,0.34420126
10.6,0,0.340891857
10.65,1,0.330763929
10.7,0,0.325592351
10.75,0,0.31413568
10.8,0,0.297346496
10.85,0,0.276182157
10.9,1,0.251584061
10.95,1,0.235249587
11,1,0.226588775
11.05,0,0.224916478
11.1,0,0.21868758
11.15,1,0.208548862
11.2,1,0.205946452
11.25,1,0.210082905
11.3,0,0.220108776
11.35,1,0.224356425
11.4,0,0.234179745
11.45,1,0.237950855
11.5,0,0.247064689
11.55,1,0.249934683
11.6,1,0.25799646
11.65,0,0.270492724
11.7,0,0.275868264
11.75,0,0.27481501
11.8,0,0.268082283
11.85,1,0.256454491
11.9,1,0.251520612
11.95,1,0.25262767
12,1,0.259069076
12.05,0,0.270105602
12.1,1,0.274194668
12.15,1,0.282825753
12.2,0,0.29530304
12.25,1,0.300138251
12.3,1,0.308883682
12.35,0,0.32091256
12.4,1,0.324809716
12.45,1,0.332202619
12.5,0,0.34253991
12.55,1,0.344480461
12.6,1,0.349722997
12.65,1,0.357783448
12.7,1,0.368173031
12.75,0,0.380409101
12.8,0,0.38323464
12.85,0,0.377654359
12.9,1,0.364736701
12.95,1,0.356374086
13,1,0.352227789
13.05,0,0.351908432
13.1,1,0.344199927
13.15,0,0.340890635
13.2,1,0.330762831
13.25,0,0.325591387
13.3,0,0.314134854
13.35,0,0.29734581
13.4,0,0.27618161
13.45,1,0.251583649
13.5,1,0.235249303
13.55,1,0.226588611
13.6,0,0.224916423
13.65,0,0.218687624
13.7,1,0.208548992
13.75,1,0.205946657
13.8,1,0.21008317
13.85,0,0.22010909
13.9,1,0.224356776
13.95,0,0.234180121
14,1,0.237951244
14.05,0,0.247065083
14.1,1,0.249935073
14.15,1,0.257996837
14.2,0,0.270493083
14.25,0,0.275868599
14.3,0,0.274815317
14.35,0,0.268082557
14.4,1,0.256454731
14.45,1,0.251520817
14.5,1,0.25262784
14.55,1,0.259069211
14.6,0,0.270105702
14.65,1,0.274194736
14.7,1,0.282825792
14.75,0,0.29530305
14.8,1,0.300138237
14.85,1,0.308883647
14.9,0,0.320912506
14.95,1,0.324809648
15,1,0.332202539
15.05,0,0.34253982
15.1,1,0.344480365
15.15,1,0.349722898
15.2,1,0.357783348
15.25,1,0.368172933
15.3,0,0.380409006
15.35,0,0.383234549
15.4,0,0.377654275
15.45,1,0.364736624
15.5,1,0.356374017
15.55,1,0.352227729
15.6,0,0.351908381
15.65,1,0.344199885
15.7,0,0.340890602
15.75,1,0.330762807
15.8,0,0.32559137
15.85,0,0.314134845
15.9,0,0.297345808
15.95,0,0.276181614
16,1,0.251583659
16.05,1,0.235249317
16.1,1,0.226588629
16.15,0,0.224916444
16.2,0,0.218687647
16.25,1,0.208549017
16.3,1,0.205946682
16.35,1,0.210083196
16.4,0,0.220109115
16.45,1,0.2243568
16.5,0,0.234180143
16.55,1,0.237951266
16.6,0,0.247065102
16.65,1,0.24993509
16.7,1,0.257996852
16.75,0,0.270493095
16.8,0,0.275868609
16.85,0,0.274815325
16.9,0,0.268082563
16.95,1,0.256454735
17,1,0.251520819
17.05,1,0.25262784
17.1,1,0.25906921
17.15,0,0.2701057
17.2,1,0.274194733
17.25,1,0.282825787
17.3,0,0.295303045
17.35,1,0.300138231
17.4,1,0.308883641
17.45,0,0.3209125
17.5,1,0.324809641
17.55,1,0.332202532
17.6,0,0.342539814
17.65,1,0.344480359
17.7,1,0.349722893
17.75,1,0.357783343
17.8,1,0.368172928
17.85,0,0.380409002
17.9,0,0.383234546
17.95,0,0.377654272
18,1,0.364736622
18.05,1,0.356374016
18.1,1,0.352227728
18.15,0,0.351908381
18.2,1,0.344199885
18.25,0,0.340890602
18.3,1,0.330762807
18.35,0,0.325591371
18.4,0,0.314134846
18.45,0,0.297345809
18.5,0,0.276181616
18.55,1,0.25158366
18.6,1,0.235249319
18.65,1,0.22658863
18.7,0,0.224916446
18.75,0,0.218687648
18.8,1,0.208549018
18.85,1,0.205946683
18.9,1,0.210083197
18.95,0,0.220109116
19,1,0.224356801
19.05,0,0.234180144
19.1,1,0.237951266
19.15,0,0.247065103
19.2,1,0.249935091
19.25,1,0.257996853
19.3,0,0.270493096
19.35,0,0.275868609
19.4,0,0.274815325
19.45,0,0.268082563
19.5,1,0.256454735
19.55,1,0.251520819
19.6,1,0.25262784
19.65,1,0.259069209
19.7,0,0.270105699
19.75,1,0.274194732
19.8,1,0.282825787
19.85,0,0.295303045
19.9,1,0.300138231
19.95,1,0.30888364
20,0,0.320912499
20.05,1,0.324809641
20.1,1,0.332202532
20.15,0,0.342539814
20.2,1,0.344480359
20.25,1,0.349722893
20.3,1,0.357783343
20.35,1,0.368172928
20.4,0,0.380409002
20.45,0,0.383234546
20.5,0,0.377654272
20.55,1,0.364736622
20.6,1,0.356374016
20.65,1,0.352227728
20.7,0,0.351908381
20.75,1,0.344199885
20.8,0,0.340890602
20.85,1,0.330762807
20.9,0,0.325591371
20.95,0,0.314134847
21,0,0.297345809
21.05,0,0.276181616
21.1,1,0.251583661
21.15,1,0.235249319
21.2,1,0.22658863
21.25,0,0.224916446
21.3,0,0.218687648
21.35,1,0.208549018
21.4,1,0.205946683
21.45,1,0.210083197
21.5,0,0.220109116
21.55,1,0.224356801
21.6,0,0.234180144
21.65,1,0.237951266
21.7,0,0.247065103
21.75,1,0.249935091
21.8,1,0.257996853
21.85,0,0.270493096
21.9,0,0.275868609
21.95,0,0.274815325
22,0,0.268082563
22.05,1,0.256454735
22.1,1,0.251520819
22.15,1,0.25262784
22.2,1,0.259069209
22.25,0,0.270105699
22.3,1,0.274194732
22.35,1,0.282825787
22.4,0,0.295303045
22.45,1,0.300138231
22.5,1,0.30888364
22.55,0,0.320912499
22.6,1,0.324809641
22.65,1,0.332202532
22.7,0,0.342539814
22.75,1,0.344480359
22.8,1,0.349722893
22.85,1,0.357783343
22.9,1,0.368172928
22.95,0,0.380409002
23,0,0.383234546
23.05,0,0.377654272
23.1,1,0.364736622
23.15,1,0.356374016
23.2,1,0.352227728
23.25,0,0.351908381
23.3,1,0.344199885
23.35,0,0.340890602
23.4,1,0.330762807
23.45,0,0.325591371
23.5,0,0.314134847
23.55,0,0.297345809
23.6,0,0.276181616
23.65,1,0.251583661
23.7,1,0.235249319
23.75,1,0.22658863
23.8,0,0.224916446
23.85,0,0.218687648
23.9,1,0.208549018
23.95,1,0.205946683
24,1,0.210083197
24.05,0,0.220109116
24.1,1,0.224356801
24.15,0,0.234180144
24.2,1,0.237951266
24.25,0,0.247065103
24.3,1,0.249935091
24.35,1,0.257996853
24.4,0,0.270493096
24.45,0,0.275868609
24.5,0,0.274815325
24.55,0,0.268082563
24.6,1,0.256454735
24.65,1,0.251520819
24.7,1,0.25262784
24.75,1,0.259069209
24.8,0,0.270105699
24.85,1,0.274194732
24.9,1,0.282825787
24.95,0,0.295303045
25,1,0.300138231
25.05,1,0.30888364
25.1,0,0.320912499
25.15,1,0.324809641
25.2,1,0.332202532
25.25,0,0.342539814
25.3,1,0.344480359
25.35,1,0.349722893
25.4,1,0.357783343
25.45,1,0.368172928
25.5,0,0.380409002
25.55,0,0.383234546
25.6,0,0.377654272
25.65,1,0.364736622
25.7,1,0.356374016
25.75,1,0.352227728
25.8,0,0.351908381
25.85,1,0.344199885
25.9,0,0.340890602
25.95,1,0.330762807
26,0,0.325591371
26.05,0,0.314134847
26.1,0,0.297345809
26.15,0,0.276181616
26.2,1,0.251583661
26.25,1,0.235249319
26.3,1,0.22658863
26.35,0,0.224916446
26.4,0,0.218687648
26.45,1,0.208549018
26.5,1,0.205946683
26.55,1,0.210083197
26.6,0,0.220109116
26.65,1,0.224356801
26.7,0,0.234180144
26.75,1,0.237951266
26.8,0,0.247065103
26.85,1,0.249935091
26.9,1,0.257996853
26.95,0,0.270493096
27,0,0.275868609
27.05,0,0.274815325
27.1,0,0.268082563
27.15,1,0.256454735
27.2,1,0.251520819
27.25,1,0.25262784
27.3,1,0.259069209
27.35,0,0.270105699
27.4,1,0.274194732
27.45,1,0.282825787
27.5,0,0.295303045
27.55,1,0.300138231
27.6,1,0.30888364
27.65,0,0.320912499
27.7,1,0.324809641
27.75,1,0.332202532
27.8,0,0.342539814
27.85,1,0.344480359
27.9,1,0.349722893
27.95,1,0.357783343
28,1,0.368172928
28.05,0,0.380409002
28.1,0,0.383234546
28.15,0,0.377654272
28.2,1,0.364736622
28.25,1,0.356374016
28.3,1,0.352227728
28.35,0,0.351908381
28.4,1,0.344199885
28.45,0,0.340890602
28.5,1,0.330762807
28.55,0,0.325591371
28.6,0,0.314134847
28.65,0,0.297345809
28.7,0,0.276181616
28.75,1,0.251583661
28.8,1,0.235249319
28.85,1,0.22658863
28.9,0,0.224916446
28.95,0,0.218687648
29,1,0.208549018
29.05,1,0.205946683
29.1,1,0.210083197
29.15,0,0.220109116
29.2,1,0.224356801
29.25,0,0.234180144
29.3,1,0.237951266
29.35,0,0.247065103
29.4,1,0.249935091
29.45,1,0.257996853
29.5,0,0.270493096
29.55,0,0.275868609
29.6,0,0.274815325
29.65,0,0.268082563
29.7,1,0.256454735
29.75,1,0.251520819
29.8,1,0.25262784
29.85,1,0.259069209
29.9,0,0.270105699
29.95,1,0.274194732
30,1,0.282825787
30.05,0,0.295303045
30.1,1,0.300138231
30.15,1,0.30888364
30.2,0,0.320912499
30.25,1,0.324809641
30.3,1,0.332202532
30.35,0,0.342539814
30.4,1,0.344480359
30.45,1,0.349722893
30.5,1,0.357783343
30.55,1,0.368172928
30.6,0,0.380409002
30.65,0,0.383234546
30.7,0,0.377654272
30.75,1,0.364736622
30.8,1,0.356374016
30.85,1,0.352227728
30.9,0,0.351908381
30.95,1,0.344199885
31,0,0.340890602
31.05,1,0.330762807
31.1,0,0.325591371
31.15,0,0.314134847
31.2,0,0.297345809
31.25,0,0.276181616
31.3,1,0.251583661
31.35,1,0.235249319
31.4,1,0.22658863
31.45,0,0.224916446
31.5,0,0.218687648
31.55,1,0.208549018
31.6,1,0.205946683
31.65,1,0.210083197
31.7,0,0.220109116
31.75,1,0.224356801
31.8,0,0.234180144
31.85,1,0.237951266
31.9,0,0.247065103
31.95,1,0.249935091
32,1,0.257996853
32.05,0,0.270493096
32.1,0,0.275868609
32.15,0,0.274815325
32.2,0,0.268082563
32.25,1,0.256454735
32.3,1,0.251520819
32.35,1,0.25262784
32.4,1,0.259069209
32.45,0,0.270105699
32.5,1,0.274194732
32.55,1,0.282825787
32.6,0,0.295303045
32.65,1,0.300138231
32.7,1,0.30888364
32.75,0,0.320912499
32.8,1,0.324809641
32.85,1,0.332202532
32.9,0,0.342539814
32.95,1,0.344480359
33,1,0.349722893
33.05,1,0.357783343
33.1,1,0.368172928
33.15,0,0.380409002
33.2,0,0.383234546
33.25,0,0.377654272
33.3,1,0.364736622
33.35,1,0.356374016
33.4,1,0.352227728
33.45,0,0.351908381
33.5,1,0.344199885
33.55,0,0.340890602
33.6,1,0.330762807
33.65,0,0.325591371
33.7,0,0.314134847
33.75,0,0.297345809
33.8,0,0.276181616
33.85,1,0.251583661
33.9,1,0.235249319
33.95,1,0.22658863
34,0,0.224916446
34.05,0,0.218687648
34.1,1,0.208549018
34.15,1,0.205946683
34.2,1,0.210083197
34.25,0,0.220109116
34.3,1,0.224356801
34.35,0,0.234180144
34.4,1,0.237951266
34.45,0,0.247065103
34.5,1,0.249935091
34.55,1,0.257996853
34.6,0,0.270493096
34.65,0,0.275868609
34.7,0,0.274815325
34.75,0,0.268082563
34.8,1,0.256454735
34.85,1,0.251520819
34.9,1,0.25262784
34.95,1,0.259069209
35,0,0.270105699
35.05,1,0.274194732
35.1,1,0.282825787
35.15,0,0.295303045
35.2,1,0.300138231
35.25,1,0.30888364
35.3,0,0.320912499
35.35,1,0.324809641
35.4,1,0.332202532
35.45,0,0.342539814
35.5,1,0.344480359
35.55,1,0.349722893
35.6,1,0.357783343
35.65,1,0.368172928
